Killzone,2004,PS3
Killzone 2,2008,PS3
Killzone 3,2011,PS3
Heavy Rain,2009,PS3
The Last Of Us,2013,PS3
ICO,2001,PS3
Shadow Of The Colossus,2005,PS3
Mortal Kombat,2011,PS3
Call Of Duty: Black Ops,2010,PS3
BorderLands 2 GOTY,2012,PS3
Fable 3: Limited Collector's Edition,2010,XBOX 360
Dishonered,2012,XBOX 360
Kinect: Disneyland Adventures,2011,XBOX 360
Kinect: Disneyland Adventures,2011,XBOX 360
Kinect: Kinectimals,2011,XBOX 360
Kinect: Deca Sports Freedom,2010,XBOX 360
Kinect: Kinect Sports Ultimate Collection (season 1 and 2),2012,XBOX 360
Kinect: Kinect Adventures,2010,XBOX 360
Kinect: Body And Brain Connection,2010,XBOX 360
Kinect: NIKE+ Kinect Training,2012,XBOX 360
Kinect: MotionSports Adrenaline,2011,XBOX 360
Kinect: Fantasia,2013,XBOX 360
Kinect: Dance Central,2010,XBOX 360
Kinect: Dance Central 2,2011,XBOX 360
Kinect: Dance Central 3,2012,XBOX 360
Kinect: Just Dance 3,2010,XBOX 360
Kinect: Just Dance 4,2011,XBOX 360
Kinect: Child Of Eden,2010,XBOX 360
